Modelo,tp,tn,fp,fn,Precision,Recall,F1-Score,Accuracy
LLM few-shot learning,607,891,63,397,0.7995127676833225,0.7682838269563256,0.7598087132051623,0.749
LLM zero-shot learning,499,956,31,507,0.7983447955222532,0.7308900709219859,0.7146818675595238,0.7275
SLM few-shot learning,719,803,191,287,0.7635638068353664,0.761,0.7605173245605247,0.761
SLM fine-tuning,941,913,81,65,0.927102353539113,0.927,0.9269918223971899,0.927
SLM zero-shot learning,755,684,310,251,0.7201676031231955,0.7195,0.719205875704857,0.7195
XgBoost embedding classification,806,800,200,194,0.8030109083927022,0.803,0.8029982269840429,0.803
distilBert fine-tuning,940,901,93,66,0.9207939856503733,0.9205,0.9204790636639582,0.9205
